date,week,session,exercise,prescription,kg,hit,session_done,logged,archived
2026-08-24,Week 35 · 2026,"Gym A — legs, delts, triceps",Back squat,3×6-10 @1-2RIR,,False,False,False,False
2026-08-24,Week 35 · 2026,"Gym A — legs, delts, triceps",Romanian deadlift,3×8-12 @1-2RIR,,False,False,False,False
2026-08-24,Week 35 · 2026,"Gym A — legs, delts, triceps",Standing calf raise,4×8-12 @0RIR,,False,False,False,False
2026-08-24,Week 35 · 2026,"Gym A — legs, delts, triceps",Seated lateral raise,4×12-20 @0RIR,,False,False,False,False
2026-08-24,Week 35 · 2026,"Gym A — legs, delts, triceps",Overhead triceps ext.,3×10-15 @0RIR,,False,False,False,False
2026-08-24,Week 35 · 2026,"Gym A — legs, delts, triceps",Reverse crunch,3×10-15 @1RIR,,False,False,False,False
2026-08-26,Week 35 · 2026,Gym C — weak points only,Lateral raise,3×12-20 @0RIR,,False,False,False,False
2026-08-26,Week 35 · 2026,Gym C — weak points only,Overhead triceps ext.,3×10-15 @0RIR,,False,False,False,False
2026-08-26,Week 35 · 2026,Gym C — weak points only,Standing calf raise,3×10-15 @0RIR,,False,False,False,False
2026-08-26,Week 35 · 2026,Gym C — weak points only,Face pull,3×15-20 @0RIR,,False,False,False,False
2026-08-26,Week 35 · 2026,Gym C — weak points only,Straight-arm pulldown,2×12-15 @0RIR,,False,False,False,False
2026-08-28,Week 35 · 2026,"Gym B — back, chest, delts, triceps","Lat pulldown, full stretch",4×6-12 @1-2RIR,,False,False,False,False
2026-08-28,Week 35 · 2026,"Gym B — back, chest, delts, triceps",Chest-supported row,3×8-12 @1-2RIR,,False,False,False,False
2026-08-28,Week 35 · 2026,"Gym B — back, chest, delts, triceps",Incline DB press,3×8-12 @1-2RIR,,False,False,False,False
2026-08-28,Week 35 · 2026,"Gym B — back, chest, delts, triceps",Cable lateral raise,4×12-20 @0RIR,,False,False,False,False
2026-08-28,Week 35 · 2026,"Gym B — back, chest, delts, triceps",Face pull,3×15-20 @0RIR,,False,False,False,False
2026-08-28,Week 35 · 2026,"Gym B — back, chest, delts, triceps",Close-grip press or dips,3×8-12 @0-1RIR,,False,False,False,False
2026-08-28,Week 35 · 2026,"Gym B — back, chest, delts, triceps",Seated calf raise,3×12-20 @0RIR,,False,False,False,False
2026-08-28,Week 35 · 2026,"Gym B — back, chest, delts, triceps",Couch stretch,2×45 s/side,,False,False,False,False
